{"cameraMode":{"drawMode":0,"name":"Shaded","section":"Shading Mode"},"sceneLighting":true,"audioPlay":false,"sceneViewState":{"m_AlwaysRefresh":false,"showFog":true,"showSkybox":true,"showFlares":true,"showImageEffects":true,"showParticleSystems":true,"showVisualEffectGraphs":true,"m_FxEnabled":true},"in2DMode":false,"pivot":{"x":20.116403579711915,"y":-15.814835548400879,"z":-4.514593601226807},"rotation":{"x":0.22338910400867463,"y":0.6594236493110657,"z":-0.21509669721126557,"w":0.6848362684249878},"size":15.221551895141602,"orthographic":false}